{
    "train_count": 2763,
    "mean": 102.29448699951172,
    "std": 50.729042053222656
}
