{"train_count": 37, "mean": 4.507481207838282e-05, "std": 0.006713623646646738}