{"train_count": 9, "mean": 1.8891834770329297e-05, "std": 0.004346436355262995}