{"train_count": 3593, "mean": 102.34100341796875, "std": 50.7536735534668}