{"train_count": 9, "mean": 100.20668029785156, "std": 47.932151794433594}